<?xml version='1.0'?>
<!-- $Id$ -->
<!-- This is the main file for the PHPlot Reference Manual -->
<!DOCTYPE book PUBLIC "-//OASIS//DTD DocBook XML V4.4//EN" "docbookx.dtd" [
<!-- The version file is generated by Makefile, and defines &version; -->
<!ENTITY % version SYSTEM "version.xml">
%version;
<!-- Define the included files: -->
<!ENTITY install SYSTEM "install.xml">
<!ENTITY quickstart SYSTEM "quickstart.xml">
<!ENTITY concepts SYSTEM "concepts.xml">
<!ENTITY examples SYSTEM "examples.xml">
<!ENTITY functions SYSTEM "functions.xml">
<!ENTITY advanced SYSTEM "advanced.xml">
<!ENTITY developer SYSTEM "developer.xml">
<!ENTITY changelog SYSTEM "changelog.xml">
<!ENTITY reference SYSTEM "reference.xml">
<!-- The variablelist is generated by the Makefile from a data file: -->
<!ENTITY variablelist SYSTEM "variablelist.xml">
<!-- The list of examples is generated by the Makefile: -->
<!ENTITY % examplelist SYSTEM "examples/list.xml">
%examplelist;
<!ENTITY webform SYSTEM "webform.xml">
]>
<!-- The front matter -->
<book id="phplot-reference">
<bookinfo>
  <title>PHPlot Reference Manual</title>
  <corpauthor>The PHPlot Documentation Team</corpauthor>
  <releaseinfo>Release &version; for PHPlot-6.2.1</releaseinfo>
  <copyright><year>2005-2016</year><holder>The PHPlot Documentation Team</holder></copyright>
  <legalnotice id="copyright">
    <para>
Permission to use, copy, modify and distribute this manual
for any purpose and without fee is hereby granted in perpetuity,
provided that the above copyright notice and this paragraph appear
in all copies.
    </para>
  </legalnotice>
  <authorgroup>
    <author>
      <firstname>L</firstname><othername>J</othername><surname>Bayuk</surname>
      <affiliation>
        <jobtitle>Primary author and editor of the manual, and current
            maintainer of PHPlot</jobtitle>
      </affiliation>
    </author>
    <author>
      <firstname>Miguel</firstname><surname>de Benito</surname>
      <affiliation>
        <jobtitle>Developer and maintainer of PHPlot</jobtitle>
      </affiliation>
    </author>
    <author>
      <firstname>Afan</firstname><surname>Ottenheimer</surname>
      <affiliation>
        <jobtitle>Original developer of PHPlot</jobtitle>
      </affiliation>
    </author>
  </authorgroup>
</bookinfo>

<preface id="preface">
  <title>Preface</title>
  <para>
PHPlot is a PHP class for on-the-fly graphs generation. It was started by
Afan Ottenheimer in 2000 as an Open Source project, and is developed on
<ulink url="http://sourceforge.net">SourceForge</ulink>.
It is distributed<footnote><para>
Versions prior to PHPlot-5.0.7 were distributed under the GPL and PHP
licenses.
</para></footnote> under the terms of the
<ulink url="http://www.opensource.org/licenses/lgpl-2.1.php">GNU Lesser
General Public License</ulink> version 2.1.
  </para>

  <para>
Here are some of the features in PHPlot:
    <itemizedlist>
      <listitem>
        <para>
Creates many graph types, including line plots, point plots, bar charts, and
pie charts, also data/error graphs.
        </para>
      </listitem>
      <listitem>
        <para>
Draws 3-D shading of pie charts and bar graphs.
        </para>
      </listitem>
      <listitem>
        <para>
Customizable line color, width, solid or dashed patterns.
        </para>
      </listitem>
      <listitem>
        <para>
Flexible labels, tick marks, axes, titles, legend, grid lines.
        </para>
      </listitem>
      <listitem>
        <para>
TrueType fonts are supported, but not required.
        </para>
      </listitem>
      <listitem>
        <para>
Use linear or logarithmic axes.
        </para>
      </listitem>
      <listitem>
        <para>
Image output uses the GD Library, with supported formats including PNG, GIF,
and JPEG.
        </para>
      </listitem>
    </itemizedlist>
  </para>

  <para>
PHPlot's home page is at
<ulink url="http://phplot.sourceforge.net/">http://phplot.sourceforge.net</ulink>,
and project development takes place at
<ulink url="http://sourceforge.net/projects/phplot/">
http://sourceforge.net/projects/phplot/</ulink>.
  </para>

</preface>

<!-- Part 1 has the chapters (declared above) and examples. -->
<part label="I" id="part1">
<title>PHPlot Programming</title>
<partintro id="progintro">
  <abstract><title></title>
    <para>
This first part of the PHPlot Reference Manual includes instructions on
installing and using PHPlot.
There is a chapter to help get you started, and a chapter of examples.
    </para>
  </abstract>
</partintro>

&install;
&quickstart;
&concepts;
&advanced;
&examples;
&functions;
</part>

<!-- Part 2 is the reference -->
&reference;

<!-- Part 3 is for developers -->
&developer;

<!-- Changelog appendix -->
&changelog;
</book>
